<?xml version="1.0" encoding="UTF-8"?>
<beans xmlns="http://www.springframework.org/schema/beans"
	xmlns:xsi="http://www.w3.org/2001/XMLSchema-instance" xmlns:p="http://www.springframework.org/schema/p"
	xmlns:context="http://www.springframework.org/schema/context"
	xsi:schemaLocation="http://www.springframework.org/schema/beans    
    http://www.springframework.org/schema/beans/spring-beans-3.0.xsd    
    http://www.springframework.org/schema/context    
    http://www.springframework.org/schema/context/spring-context-3.0.xsd">

	<context:component-scan base-package="com.spring.controllers"></context:component-scan> 

	<bean
		class="org.springframework.web.servlet.view.InternalResourceViewResolver">
		<property name="prefix" value="/WEB-INF/jsp/"></property>
		<property name="suffix" value=".jsp"></property>
	</bean>
	
	<!-- Definition for employee bean -->
	<!--
   <bean id="employee" class="com.spring.beans.model.Employee">
      <property name="id" ref="id"/>
      <property name="firstname" ref="firstname"/>
      <property name="lastname" ref="lastname"/>
      <property name="salary" ref="salary"/>
      <property name="designation" ref="designation"/>
   </bean>
   -->

</beans>  